clean,label
slowmove aimless movie distressed drift young man,0
sure lose flat character audience nearly half walk,0
attempt artiness black white clever camera angle movie disappoint become even ridiculous act poor plot line almost nonexistent,0
little music anything speak,0
good scene movie gerardo try find song keep run head,1
rest movie lack art charm mean emptiness work guess empty,0
waste two hour,0
see movie today think good effort good message kid,1
bit predictable,0
love cast jimmy buffet science teacher,1
baby owl adorable,1
movie show lot florida well make look appeal,1
song good muppet hilarious,1
cool,1
right case movie deliver everything almost right face,1
average act main person low budget clearly see,0
review long overdue since consider tale two sister single great film ever make,1
ill put gem movie term screenplay cinematography acting postproduction editing direct aspect filmmake,1
practically perfect  true masterpiece sea faux masterpiece,1
structure film easily tightly construct history cinema think film something vitally important occur every minute word content level film enough easily fill dozen film anyone right mind ask anything movie quite simply high superlative form cinema imaginable yes film require rather significant amount puzzlesolve piece fit together create beautiful picture short film certainly pull punch graphic far good part game number one good th game series deserve strong love insane game massive level massive unlockable character massive game waste money game kind money waste properly actually graphic good time today graphic crap say canada fun game aye game rock buy play enjoy love pure brilliance flick doom conception idea lame take minor character mediocre pg film make complete nonsequel change tone pgrate family movie be not least bit interested confirm film would unfunny generic also manage give away entire movie I m exaggerate every moment every plot point every joke tell trailer funny even talented carrell can not save costar do not fare much well people like morgan freeman jonah hill ed helms waste story predictable lazy real effect work presence animal integration scene worst obvious bluegreenscreen work I ve ever see whatever cost much do not translate quality that s sure film succeed despite perhaps obviously meagre budget I m glad film do not go obvious choice less film certainly would addition one lovely song ever write french cancan also boast one cute lead lady ever grace screen hard fall headoverheel love girl negative insipid enough cause regret another hour life waste front screen long whiny pointless recommend wait future effort let one go excellent cast story line performance totally believable anne heche utterly convince sam shepard portrayal gung ho marine sober sat rivet tv screen give one resounding think tom hank good actor enjoy read book child little disappoint movie one character totally annoying voice give feeling fingernail chalkboard totally unnecessary trainroller coaster scene absolutely warmth charm scene character movie totally grate nerve performance improve improvisation actor twice much worry whether they re deliver line well whether line good quite honestly often good often dialogue do not really follow one line another fit surrounding crackle unpredictable youthful energy honestly find hard follow concentrate meander badly generally great thing would not say they re worth hour time though suspense builder good cross line g pg especially like noncliche choice parent movie could predict dialog verbatim writing movie make well selection want movie that s gross give chill great choice alexander nevsky great film amazing film artist one important whoever live I m glad pretentious piece do not plan dodge stratus big shot go to help movie maker be not restrained movie business québec,0
first movie I ve give year,1
ever movie need wordofmouth promote,1
overall film interesting thoughtprovoke,1
plus wellpaced suit relatively short run time,1
give one look,1
give,1
wind lion well write superbly act,1
true classic,1
actually turn pretty decent far blist horrorsuspense film go,1
definitely worth check,1
problem script,0
horrendous,0
nothing believable,0
suspense feel frustration retarded girl,0
manna heaven terrific film predictable unpredictable time,1
scene often funny occasionally touching character evaluate life go,1
cast veteran actor nostalgia trip,1
ursula burton portrayal nun touch funny time make fun nun church,1
look movie terrific cast good musicincluding shirley jones rendition way look tonight uplifting ending give one try,1
do not think disappointed,1
frankly cotton club unfaithful kind embarrassing watch lane gere film bad,0
act bad dialog extremely shallow insincere,0
predictable even chick flick,0
politically correct,0
disappointing,0
thing really worth watch scenery house beautiful,1
love lane I ve never see movie lousy,0
hour half wish could bring back,0
term write fresh bold,1
acting help write along well maybe idiotsavant sister could played well real joy watch,1
direct cinematography be not quite good,0
movie boring sometimes find occupy peak paper instead watching never happen columbo movie,0
sometimes embarrassing look away,0
direct seem pretentious,0
scene ohsomature neighbourgirl misplace,0
generally line plot weak average episode,0
scene debate whether sack trumpeter falsely accuse murder pure horror really stupid,0
applause give prelude however,1
really like,1
great film great director,1
movie edge seat make somewhat afraid go car end night,1
music film really nice,1
I d advise anyone go see,1
brilliant,1
,1
like movie way much,1
problem thought actor play villain low rent michael ironside,0
rock world certainly must see anyone social physical outlet,1
however do not make fact overall tremendously boring movie,0
chemistry ben affleck sandra bullock film could not understand would consider even leave wifetobe chick supposedly knock,0
several moment movie do not need excruciatingly slow moving,0
poor remake good friend wedding,0
great disappointment,0
can not believe actor agree film,0
could stand even watch long fear lose iq,0
guess nobody network air dribble watch put,0
imdb rating go low awful time get negative number case,0
see mirrormask last night unsatisfactory experience,0
unfortunately inexperience direction mean scene scene pass little way dramatic tension conflict,0
central theme film handle ineptly stereotypically depth imagination,0
pretty picture world can not make piece work flawed core,0
hour half waste time follow bunch pretty high schooler whine cry life,0
can not relate hell barely understand,0
definitely cult classic well worth view share other,1
movie pure disaster story stupid editing worst see confuse incredibly,0
fish badly make underwater shot repeat thousand time film,0
truly truly bad film,0
act terrible writing bad,0
possible way movie could redeem would mstk fodder,0
pay much,0
also real treat see anthony quinn play crazy horse,1
bore,0
plot whatsoever,0
plot,0
horrible,0
bad hour half lifeoh gosh,0
walk theatre minute get relief,0
hate movie like,0
yeah movie pretty much suck,0
plot storyline,0
go see movie bring pillow girlfriendboyfriend keep occupy,0
awful,0
do not think I ve ever go movie dislike much,0
good thing ticket cost five dollar would mad i d pay see crap,0
nobody identify character they re cardboard cutout stereotype predictably reversestereotype,0
bad film bad writing good actorsan ugly cartoon craft paul haggi people can not handle anything bold stroke storytellinga picture paint crayon,0
crash depress little nothing provoke emotion teach nothing already know racism prejudice bad thing,0
still like movie empowerment woman there s enough movie like one,1
brain attempt shutdown part primal impulse selfpreservation,0
leave shattered experience watch film take good two hour fully recover,0
movie join revenge boogeyman zombiez part hellish trinity horror film,0
certainly mean distinction good way,0
mean terrible way,0
film redeem feature,0
everything appal,0
artless camerawork endlessly present we ugly set imaginable ie,0
story beyond stupid,0
script script,0
kid annoying,0
lead man charismafree,0
utterly without merit level akin torture,0
ill even say  torture,0
maybe would reasonable explanation atrocity,0
pleasant voyage selfdiscovery,0
highly unrecommended,0
premise sound stupid that s,0
yes bad,0
nothing recommend,0
excellent performance ms,1
garbo show right bat talent could carry silent era want see silent work netflix do not seem stock,1
also great see renowned silent screenwriter france marion have not miss step go silent sound,1
movie suffer write need suspense,0
many close up,0
movie seem drag hero do not really work freedom,0
movie definitely average rent,0
you ll love movie bad bad film way long definitely one bad one movie receive great quality film age john wayne incredible job young movie industry screen presence shin think even though senior actor screen think must see old john wayne film really do not see anyone could enjoy movie do not think I ve ever see movie half boring selfindulgent piece junk probably would well director have not spend movie showcasing art work really be not noteworthy another thing do not really like character get punch face gallon blood would spew forth soon jamie foxx absolutely ray charle performance simply genius own film spacek own coal miner daughter quaid own great ball fire,1
fact hard remember part ray charles act play man ray charles legendary ray charles life provide excellent biographical material film go well beyond another movie musician hitchcock great director ironically mostly find film total waste time watch secondly hitchcock pretty much perfect thriller chase movie pander audience sabotage film hence whole story lack certain energy plot simply rumble like machine desperately depend addition new scene usual hitchcock logic flaw mishima extremely unintereste chilly unremarkable movie author livingworke chilly abstruse culture flat reenactment do not hold attention emotionally adrift stagy rest sit awful soldier sing song masculinity pledge hairsplitte purity admiration sword etc bore piece kill momentum movie quick anyone else schrader make resume full lousy amateurish film first watch movie love totally fascinated music dance everything however recently watch whole thing dvd completely strike extremely stupid storyline contain hole inconsistency frankly whole lot crap horrid dancing mean realistic world would never get ballet repertory whole thing quite pathetic character development also lack depth woa talk awful waste time horrible worst sappy dialogue could go really make unwatchable direction poor actor can not even tell talent pathetic line speak director give action check director filmography site see film do not chance would even good make tv flick good intention make film great film might one great film ever make film great actor master director significant themeat least wouldbe significant theme undertone fifty existential worldweariness aerial scene ought thrill sens imagination character one might deeply care regrettably film fail movie lack visual interest drama expression feel celebration patriotism underline narrative actress worse use june allison movie yet enjoy watch unfortunately bad movie plain bad bad script bad direction horrible acting make one plain bad dialogue suck cinematographyif call thatsucked soundtrack suck act suck concert sequence suck nice funny funny overall movie cheap trash movie funny consider ridiculousness came feel angry spoiler whatever else can not say surface superbly craft cinematography simply stunning say least fx nothing stateoftheart conceptually show offer little bit everything everybody parent kid fantasy andor fx fan be not single sour note strike actingwise either surprisingly solid cast thing consider job well do thank good movie like done release one good mexican movie ever one less understand even mexican matter identify feel rank highly great noircrimedrama incredible performance belmondo lino ventura attention give every character complex psychological portrayal detail loyalty treachery love hope tremendous excellent drama excellent thriller excellent film well melville everything film simply incredible truly take journey eye soul child black water thriller manage completely transcend limitation indie flick continually subvert expectation emerge intense experience performance real grip crocdodile extremely well do indeed black water website believe that s use real croc swamp location fabulous thoroughly enjoy christopher eccleston take control tardis continuation series I m sure try film turn good day feeling night disturb memory guess succeed lot beautiful place force like everything movie lame here movie really pied do not even get start jerky camerawork see theater thought go sick summary witticism be not witty plot well say I d let one go act bad really bad even billy bob could not rise script bad camerawork bad rating amazing finale possibly good trilogy time kieslowski never cease amaze one favourite director one talented director history cinema use colour french flag three film nothing short incredible every shot every scene like work art three visually appeal movie I ve ever see subtle connection three film awesome mention huge spoiler love end character three film remain survivor ferry disaster valentine young judge together old man watch tv solidify happiness suffering deal many year could not think well way end film smile face great way wrap amazing film trilogy recommend everyone love film movie anythinga work art movie trilogy literally vomit watch film think one people find another one roth pearl performance award stunning story tell eloquently francis ford coppola year early really unfolds gradually leave room character develop wonderful location lie story contrast beautiful direct film nicolas roeg wih sublime cast I m translate movie live first movie year working experience find offensive intelligence someone strive greatness poetry deliver muddle often ridiculous story bunch disparate scene pretentious dialogue get bad kind movie reviewer accurately define pretentious crap,0
find movie intelligent even masterful say intelligence imagination obviously use try make sense pitiful attempt human nature try make sense thing,0
one thing tolerate political incorrectness well I m artistic freedom suspension disbelief slavic female character much,0
fun funny movie,1
highly entertaining angle,1
feature outlandish array memorable psychotic lovable nut,1
enjoyment get see run around play game dangerous,1
even sweet moment,1
telephone repair man really funny reaction nut bitchy boss truly genuine,1
character film tremendously well play,1
really find funny,1
actually smart movie,1
brilliant twist end,1
love end perfect you ll shed tear thrilled seeing movie like never forget cult cult classic depth character man underneath malta setting dry barren dialogue movie terrible hockey scene terrible defenseman play like they re year old goalie diving shot foot wide net etc have not see do not waste time call movie drama ridiculous start watch do not believe character particular relationship bakery assistant waitress do not work superficial movie give feel watch play rather film character stagey storyline lot like stage farce time pyromaniac waylay assistant bored do not care happen next switch glad do not pay see do not laugh even smile be not anything one big yawn really good show watch educational child year old barney definitely super de duper pretty funny babie bop cute kid cool storm trooper even bad enough make list wonderfully terrible movie,0
lame,0
guy say he s well dialogue potted plant right,0
everything movie stupid,0
even love bad movie watch movie,0
shameful,0
would give television series plus could,1
writers smack think good actor actresse bonus showthese character real,1
must say tap episode find watch,1
know give,1
do not know exactly movie latch endear movie become special part family memory,1
totally absolutely recommend movie anyone like good wholesome family movie exactly,1
thing four kid get absolutely hilarious watch,1
one good movie show strong sibling bond,1
much interesting action suspense less unneeded controversy,1
everything act cinematography solid,1
definitely worth check,1
damian talented versatile many way write portray different character screen,1
movie cut edge,1
pleased know modern day genius let passion art drive take we audience,1
new character be not memorable find forget,0
feel though go ireland absolutely nothing whatsoever,0
do not make scared horrified make sympathetic towards character simply annoying,0
jerky camera movement also annoying,0
plot pretty much every cheap horror,0
pathetic attempt give character depth do not really work rest plot,0
guess suppose clever twist shed light situation stupid,0
see probably leave shelf,0
elias koteasjack palance play good role angelina hot get nakedbilly drago appear cool usual cameo sven ole thorsen help make enjoyable movie good act decent budget,1
awesome movie buy ebay,1
really love story line poler bear kinda cutebut anyone question fort steele ask away,1
totally unfunny movie top pathetic unrealistic throughout whole minute utter torture probably look watch time,0
lucy bell much high crap sink low quite depressing,0
movie make sick watch slacker make excuse stupid action minute,0
god never get minute back,0
think wonderful part literally full wonder excerpt work,1
set especially design work camera amazingstylize beautiful effective,1
could use exemplar set designer,1
story powerful exploration nature man art,1
watch film want learn work artist,1
highly recommend movie anyone interested art poetry theater politic japanese history,1
wind lion see wonderful rendering america imperial age,1
make story different terrific production value faultless photography composition edit terrific casting underappreciated brian keith play bully teddy vivid history,1
though wind lion tell largely eye son every member family identify one character whether sean connery noble brigand candace bergens feisty heroine john hustons wily john hay steve kanaly spiffy radiant ruthless cando lieutenant roosevelt big stick,1
high adventure good,1
think robert ryans good film portray someone like father schizophrenic real lifemy father although never murder anyone affect second world war make bad,1
humour get get day apt,1
mother brother thiswhen see robert ryan portray type man good imitation type individual impress,1
almost song cover girl oldfashione tuneful,0
annoying thing cover girl way rita hayworth put pedestal,0
unfortunately cover girl example hollywood use exploit woman financial gain,0
nonlinear narration thus many flashback every part articulate quite well,1
good cinematography also make monica bellucci look beautiful,1
good commentary today love undoubtedly film worth see,1
people first timer film make think excellent job,1
popular cinema good house good reaction plenty laugh,1
feelgood film that s feel come cinema,1
northern humour positive community represent,1
rather enjoy,1
like,1
could not take seriously,0
really create unique feeling though,1
vivian schille excellent job script,1
world well garbage theatre today,1
role play well,1
screamy masculine right,1
camera really like movie,1
would cast role ready script,1
european movie nice throwback time student experience live abroad interact nationality although circumstance slightly different,1
fan movie suck really bad,0
even bad ticker,0
movie bad,0
like building use couple location maybe poor hummh,0
blow,0
movie excellentangel beautiful scamp adorablehis little yelp he s scaredand funniest part whenscamp catch curtain angel scamp singing I ve never feel beforei totally recommend movieit come special edition june cover scamp garbage angel underneath lid,1
can not explain movie romanticcharminghilariousand adorablethe junkyard scene funnyall junkyard dog something specialtoo funny laughedkids love itbuy come outit new feature,1
choose torture disgusting piece blatant american propaganda,0
show make americans stupid full hatred clichés admit elsewhere,0
almost everyone involve must return school act utterly predictable bad script pile garbage round,0
wish could enter negative value admin,0
set bad would not look place thunderbird episode,0
use slowmotion needlessly repeat throughout movie well back bad act bad kind word continuity scene throw reason whatsoever vehicle look like make corn flake box directorial style border stupidity,0
oh yeah storyline pathetic,0
hate write bad review film especially really like star film bad do not believe one second anyone could proud,0
filmmaker director would hide head sand i d spend whatever amount money time movie,0
short monumental waste time energy would recommend anyone ever see film,0
come free dvd player bought still turn thing halfway embarrassed howell,0
set,0
interesting premise billy drago always good dangerous nutbag side note i d love see drago stephen mchattie lance hendrikson flick together talk rag cheekbone,1
soundtrack be not terrible either,1
actingeven professional drago debbie rochonwa terrible directing bad perhaps contributory former dialog chimplike camera work barely tolerable,0
still set get big oyvey scale,1
yes simplify thing sake brevity really core problem film much go without real fulfilling explanation,0
good job quite amusing,1
convolute plot do not convince much film watch weird questioning glance,0
let girlfriend talk see bad idea hat,0
last minute movie also bad well,1
bela lugosi totally extraneous intone odd line,0
act decidely wooden though bad period universal b movie,0
like armand assante cable company summary sound interesting watch twice already probably,1
believe screenwriter good job tie loose end,1
score mostly plot,1
will not say do not like spoiler do not want one believe film worth time,1
wow bad film,0
frightening least barely comprehensible,0
plot do not hang together act absolutely appalling,0
even good camp value,0
be not expect oscar material,0
you d iq particularly stupid mollusk see one come,0
film use word loosely insult moviegoe public,0
someone involve know string together narrative,0
get simply there s nothing low,0
one watch recently fox movie channel disappoint,0
know contract player little control script act bad script,0
victor mclaglen even bad brian donlevy almost unrecognizable,0
consider relation screen taylor stanwyck surprising little chemistry screen two,0
premise film ridiculous president we,0
death row scene entirely unmove,0
thing bad taylor act stanwyck sing,0
whatever producer going miss entirely,0
deeply impressed character play,1
know see film great thing come gifted actor,1
cheap cheerless heist movie poor characterisation lot underbite style stoic emoting think chow yun fat well tomorrow cheesy clichés throw abandon factory ready poorly execute flying judo roll la john woo,0
even squib look awful,0
point proceeding look remotely like america,0
plot derivative predictable ending like mercy kill,0
awful dialogue hopeless overact everyone get shoot top real waste space time,0
uneasy bad movie scar,0
dialogue compose thing make little sense,0
minutes footage waste show mediocre elderly actor awkwardly babble overwrought pseudosatanic gibberish corny enough make teen goth blush almost always olde english sometimes latin may may made word,0
direct sloppy well,0
hackneyed writing certainly make even bad bad directing,0
course act blah,0
act whole cast could put scale balance perfectly overact underacting,0
finally get end would ve great handle competent people jerry falwell,0
love movie great portrayal family share up end know special love,1
see many movie star jaclyn smith god one good though come year ago,1
movie contain allstar cast love open eye see actor have not see,1
movie kind long length enjoy every minute,1
overall rate movie scale,1
lifetime air enough anyone know store sell let know musthave,1
particularly remember sens assault strident cord music would blare little warning even less meaning,0
sort pap screen afternoon punish unemployed job,0
totally different load understatement black comedy film get see remember,1
movie create universe fascinating every way,1
movie really get,1
see,1
really hope team behind movie make movie continue kinda weird style,1
forget cast superb trond fausa aurvåg perfect role bothersome man do not understand,1
movie good humorous comment life,1
find move beautiful enjoyable uplift,1
initially local site film film buffalo intrigue,1
later find lose power film,1
entire audience applaud conclusion film,1
leave theater lilt step joy heart hope human race,1
duris wholesome appearance give fine performance,1
rest cast also play well,1
cinematography noteworthy include fine view barcelona famed gaudi tower,1
ten minute film start second thought,0
half way film start dislike,0
time film end dislike despise,0
film lack convince script,0
script look rough draft write shooting begin finished script complete,0
thing happen character personality change plot twist occur real reason script call,0
cast good,1
worth check,1
probably irritate show ever see entire life,0
indescribably annoying idiotic show ever see,0
everything bad,0
could understand kind idiot would produce mess first place mention several season,0
script bad bad  contain cheesiness unethical joke normally see rat r nc movie,0
cast also horrible cause see really really bad actor period,0
final word show real torture,0
zillion time away reality,0
watch washing machine twirl around would not hurt eye much show,0
rating grade z note show bad even mother cast pull daughter show,0
th century foxs road house quite silly noir implausible unmitigated bore movie,0
full unconvincing cardboard character blandly write edward chodorov also produce surprisingly direct jean negulesco one would expect great deal,0
widmark character turn unintentionally comical,0
lose marble early proceeding totally implausible unconvincing,0
be not enough mess movie picture also mar constant use studio set indoor exterior,0
whatever prompt documentary beyond,0
serious spoiler movie huge disappointment,0
many problem do not know start,0
cast great,1
steve martin deliver really funny performance middleage upper class uptight white guy,1
add betty white jean smart great cast everyone play part really well,1
movie make lot serious mistake,0
first enough racial stereotype racial joke offend everyone,0
movie litter overt racial slur towards black cast member return white depict moron boob,0
put race card aside let look major flaw film destroy latifas character,0
real plot,0
would not see movie free,0
steamboat willie amazingly important film cinema history,1
second appearance mickey mouse follow silent plane crazy early year probably famous filmmostly groundbreaking,1
do not yet hear mickey speak ton sound effect music throughout filmsomethe take grant huge crowd pleaser,1
however see short year amazed timeless film actually,1
adorable see mickey play turkey straw highly imaginative occasionally cruel way,1
clever real crowdpleaserthis film still rank among mickey good film even wonderful year,1
bipolarity ruthless thug one minute ruthless killer next minute luvs diaper commercial completely unconvincing,0
I m terribly disappointed film would receive many award accolade especially far deserve work film,0
original body soul masterpiece,1
john garfield ann revere lilli plmer william conrad canada leeand film one great cinematographer ever grace screenjames wong howe,1
do not think redeem quality remake,0
may bad film ever make,0
badwellit bad,0
movie solid example bad plot bad idea way,0
shame see good actor like thomerson james make live mess like,0
think bad,0
film terrible credit version watchable,0
let start problemsthe act especially lead professor bad,0
script big flawed mess,0
good example dumb writing establish turn zombiestudent back human remove necklace contain piece meteorite,0
director paul matthews also wrotedirecte weak monster movie grim clearly do not know pace film,0
movie terribly boring place,0
light awful,0
film look cheap bland,0
one disappointing aspect lack notable gore,0
convention never work well past certainly do not work,0
visual effect awful,0
cg opening sequence space look like could create microsoft slideshow god sake,0
explosion gas tank end awful,0
okay like consider fair critic ill give credit credit duethe creature effect actually pretty cool,1
get to love closeup slimy drooling tooth,1
sum film breeder terrible cheaply make horror movie avoid like ebola virus,0
recommend,0
almost unbearable watch screen little charisma terrible comedic timing,0
aside terrible lead film load debit,0
understand suppose cheap popcorn comedy do not mean completely insult intelligence writing incredibly hackneye border offensive,0
lewis black considerable talent waste incendiary unrestrained pg rating certainly will not allow,0
film sole bright spot jonah hill look almost unrecognizable fan recent superbad due amount weight lose interim,1
originality freshness first movie spend remake little else offer,0
budget evidently limit,0
reflect cast also belowpar script borrow much early classic,0
however decent act action location work balance thing,0
filmie less expansive,0
fail convey broad sweep landscape great part original,0
generally lack imagination,0
recommend,0
possible movie get bad,0
plot keep go first place,0
even woman finally show sign improvement expect thing happen time film might far asleep,0
beware trashy cult movie trash period,0
can not believe there s even sequel,0
precisely give bad review,0
child truly enjoy show proudly say enjoy big time even classical wb cartoon,1
tiny toon keep vibe deliver one popular funny underrated cartoon ever create,1
memories murky say enjoy every single episode product relate show,1
easily none cartoon make laugh tender way get dark sitcom orient teenager,1
character funny peculiarity true lead character,1
every single character hilarious deserve call lead,1
every element story top excessively phony contrive painful sit,0
line seem write fifteen year old though try oh hard sound like fifteen year old would really um know well talk,0
perabo nice energy level obviously comfortable front camera,1
simply excuse something poorly do,0
see movie think stupid movie,0
even stupid thought idea volcano los angeles,0
honest unbelievable nonsense foolish,0
conclusion bother movie volcano los angeles nothing nonsense,0
story line awful,0
painful,0
accent absolutely abysmal,0
there s also enough hypocrisy film make vomit,0
do not waste time watch rubbish nonresearche film,0
believe pitch black do well,1
character interesting want find long movie go think people surprise do not make,1
go watch,1
omit watch,0
funny,1
rating,0
character interesting really care,1
instant classic great soundtrack catchy song end credit,1
do not miss,1
masterful piece filmmake many theme simmer occasionally boil wart study poet bohemian selfindulgent wartime year span aerial bombardment london outward tranquillity welsh coastal retreat borderline friendship lust love dedication art experience versus practical concern jealousy rivalry cowardice egotism versus heroism selfsacrifice,1
mature subtle script suggest occasionally bring dramatic focus underlie tension well serve perfect performance apart odd inappropriate smile keira knightley prone though perhaps direction time character often mention,1
exquisite visual composition moment inventive elegant use closeup camera angle lighting include pointillistic faux home movie footage wonder joy behold,1
continuously beautiful look bertolucci relationship convince narrative engage master work,1
basic premise waste since sideline inexplicable focus documentary crew,0
regardless film fail level,0
avoid cost,0
see film christmas great film,1
think errol flynn brilliant custer since become favourite actor,1
act alongside olivia de havilland brilliant end fantastic,1
always know errol flynn brilliant actor dad favourite actor grew watch film child,1
be not watch film realise great actually,1
ill give film,1
know jim oconnor energetic nobody could much george well dull,0
really do not seem want host voiceover monotonous do not get involved guest,0
lovely little thriller hitchcock lot nice shenanigan surround murder spy kidnap child nasty church foreign plot random taxidermist,1
jimmy stewart ever great hero hitchcock story rip along cool climax embassy function lack brood menace hitchcock black white lowbudget original,1
nevertheless yet another wonderful film great master stable,1
say film excellently produce top rating typical sci fi film,1
excellently produce one scifis good producer scot vandiver,1
entertain nonetheless,1
campy sort film that s joy watch,1
there s barely boring moment film plenty humorous part,1
cast always entertain usual,1
overall delight,1
movie mindbendingly awful could not even create,0
film lack real scare tension medical terminology use throughout bit iffy say least say insulin dependant diabetic,0
least say act well,0
movie excellent job reveal complexity task incredible challenge face south africa,1
believe every one see movie think people outside south africa understand past attempt truth reconciliation process,1
nothing short magnificent photographycinematography film,1
act fantastic story seamlessly weave together dog splendid must rent view see,1
do not afraid subtitle worth little aversion therapy,1
excellent performance,1
still good actor around,1
also great direct photography,1
true shakespear must shakespear fan,1
macbeth jason connery move tear final monolog brief candle outhe give sphere moral decay dark force human face make interesting,1
helen baxendale credible lady macbeth cheerfull time sometimes look like naughty girl deadly taste blood evil,1
love death decay shakespear lyric one,1
witty delightful adaptation dr seuss book brilliantly animate upa fine thoroughly deserve academy award,1
special mention make superb music score sound effect integral element help make memorable enjoyable cartoon,1
however paul schrader indeed make film mishima superb complex,1
also notable john baileys fine crisp beautifully color cinematography great production design costume eiko ishioka go memorable costume coppola dracula receive well deserve oscar,1
even allow poor production value time format kind miniserie baaaaaad,0
unless you re visually collect extant film austen work skip one,0
watch however small consolation actress play anne sister wonderful job role,1
good,0
speak music unbearably predictably kitchy,0
film drop ball,0
stunning movie,1
raw sublimely move,1
feel like grip intelligent stage play without overly theatrical feeling one actually get watch people stage play everyone terror white lie escalate monstrous consequence,1
main player mesmerise,1
tom wilkinson break heart end everyone else judging amount fumble hanky hand go face among male female alike,1
julian fellowe triumph,1
he s national treasure,1
go see,1
excellent film,1
aerial scene welldone,1
also right balance war love,1
film give mean phrase never history human conflict much owe many,1
kris kristoffersen good movie really make difference,1
good film great director,1
definitely one well documentary see look family relationship marriage,1
many continuity error one user comment different car garage joe glassesthe one get fact joe facial hair configuration seem change scene scene,0
great movie,1
star,1
can not see movie inspiration anyone come overcome fear rejection,0
bad actually worth see reason,0
punishment park brilliant piece cinema,1
shot southern california desert use patent faux documentary style watkin create film like,1
one peter watkin accessible film,1
advise look,1
will not regret,1
highly recommend,1
well keep think bad,0
mediocre miserable hollow laughable predictable piece garbage,0
case bad laughable,0
bad performance play angela bennett computer expert home time,0
film nothing pretext show ridiculous action scene,0
awful,0
still bad actress repeat robotic face move picture,0
result well shame,0
delete film mind,0
one bad show time,0
show would begin smart ass ed comment would totally wall uncalled,0
fat computer geek unbelievable bible thumper badass girl actor,0
never hear except cole totally unbelievable part,0
every time open mouth expect hear see kid pull plug mercy kill horrible show,0
story unbelievable actor,0
lame would good way describe,0
stanwyck morgan perfectly cast many way modern equivalent dicken christmas carol sensibility,1
success film depend cast sydney greenstreet alexander yardley character,1
attractive set use throughout film eyeplease gem,1
I m big fan rpg games movie disgrace selfrespecte rpger,0
line cut audio everything wrong,0
find well movie youtube,0
top line do not waste time money one bad come,0
lassie movie put sleep forever,0
that s i d describe painfully dreary timewaster film,0
mediocre every aspect become dull uninteresting mess one forgettable movie I ve see,0
be not even achievement sobaditsgood sobaditsmemorable movie,0
empty hollow shell movie,0
seriously worth waste kid time,0
avoid avoid avoid,0
drive bark mad,0
transfer good,1
nice relax late night view,1
movie full wonderful dancing hence title,1
great music terrific scenery,1
handle tough issue dignity grace course shocking spoiler,1
happy wonderful feel good end,1
point journey journey touch every member family,1
one movie need see whenever come tvnever mind fact already memorize,1
nothing new,0
do second movie,0
movie almost action scene little comedy,0
plot hole pair fishnet stocking direction edit astonishingly ham fiste,0
earth iron film,0
see film recommend,1
good plot hold complete attention act superb tom wilkinson fantastic emily watson also good,1
good film indeed great unconditional love,1
tom wilkinson character man prepare ordeal begin take matter hand story progress great actor give performance make feel character anguish suffer,1
emily watson character strong give quick glance understand everything,1
despite pan reviewer like movie,1
fact like well interview vampire like lestat stuart townsend well cruise attempt,1
aailiyah pretty good akasha place compelling first entrance mini dance scene,1
I m big fan series mostly due anne rice style sensitivity treatment,1
guess like detail dysfunctionhe believable,1
football scene end perplexing,0
think act skilled,1
meredith well right,1
charming film wonderful sentiment heart,1
rare filmmaker take time tell worthy moral tale care love do not fall trap overly syrupy indulgent,1
nine ten truly lovely film,1
early film future goremeister lucio fulci good addition giallo subgenre,1
one good italian thriller early,1
standout scene,1
scene strong unpleasant,0
technically film well make impressive camerawork solid act effective music riz ortolani  particularly good recur unaccompanied female vocal sound like come distant hill,1
still wild stuff though highly recommend fan giallo cinema,1
movie interesting beginning end,1
like way dustin hoffmans character ready everything stay son,1
movie also reveal,1
personally think show people learn find compromise self without involve people issue,1
bore,0
tired clichés lazy writing come thick fast,0
ps scene movie cool central character find room blow,1
fresh subtle rather sublime effect,1
italian reviewer call small great film that s right,1
actor give wonderful performance especially jennifer rubin jamie harris change nervous starlet begin strange event part cool star,1
learn lot real inside emotion people movie lot movie business,1
movie movie situation begin game play act coach fascinating,1
also music mark snow possibly well score I ve ever hear,1
will not forget movie,1
film make,0
film ultracheap look,0
result film do not look right,0
none engage exciting,0
plot nonsense do not interest slight way uniqueness,0
foreigner worth one second time,0
see child tv back stranger love,1
duet astronaut doctor beginning movie perfect exchange one consider movie make well cold war astronaut big fear crash ussr,1
movie awesome,1
love really scary,1
love scream movie horror movie one rank way,1
want real scare rent one,1
,1
extraordinary film,1
courtroom drama compelling indictment american justice system frightening,1
film highlight fundamental flaw legal process discover guilt innocence rather present well court,1
film well pace understate one good courtroom documentary I ve see,1
mostly routine factbased tv drama get boost fine performance cole,1
predictable bad watch,1
clear range ability pull part,1
carry movie well,1
constantine give everything right intensity seem good understanding underlie psychological motivation,1
wonderful inspire watch hope get release video dvd,1
piece trash ever release beyond act story character supposedly special effect etcit wrong,0
fact stinker smell like directtovideo release,0
avoid cost,0
star trek v final frontier bad series,0
act involve include like shatner nimoy bad wash make seem old look real life special effect tacky like spock rescue kirk jet pack fall mountain,0
attempt humor pitiful story awful dosent bear thinking basically involve vulcan stealing enterprise find god seriously do not care film oh mention uhura belly dance distract male guard,0
place good film garbage,0
bad one series,0
edit edit film phenomenal opinion,1
song could explain emotion subject well jay adams unfortunate life subject talk song old man neil young play evoke many emotion,1
cinematography film shoot interesting way,1
course footage grainy enhance film,1
film offer many delight surprise,1
achille philippa beautifully sing duet giovanni perfectly describe situation movie appreciate subtle layer excellent film,1
story unfold th century jutland use period music play period instrument one fine touch,1
share general loewenhielm exquisite joy partake caille en sarcophage even though watch movie wish small sample savor,1
understate film leave last impression,1
warmth generate contrast austere backdrop,1
leave theater wanting go dance star,1
act you d expect cast top notch,1
character flesh surprisingly well particularly grime blake actor deliver sharply script line right amount deadpan tongue cheek make dialogue hilarious realistic,1
angus scrimm also turn good performance somewhat brief memorable role gently menacing violinplaye anatomist doctor quinn,1
conclusion love,1
long time since entertain movie,1
struggle find anything bad say,1
mark word one cult film like evil dead phantasm people still discover fall love year line,1
pretty surprising wonderful film make hollywood generally collective head sand concern black white issue time,1
film deserve strong kudo take stand exceptional act mostly lesserknown cast superintelligent script do not insult audience take easy way come white racism,1
plus movie rather modest budget fast running time amazing job,1
juano hernandez exceptional actor play support role many film era proud black man accuse murder white man south,1
trumbull love lucy,1
see kids chanceit open amazing dialog far race relation come last year,1
see film,1
year however remind we huston still top game evince faithful adaptation james joyces acclaim novella dead,1
feeling thoughtsgabriel discomfort danceall intangible leap life come within viewer grasp huston portrayal,1
disappointed wonder could oscar shortlist,0
slow,0
lot hole plot there s nothing become emperor nothing spend year childhood mature age,0
do not waste time,0
end day one bad bigbudget action movie I ve ever see,0
surely do not know make coherent action movie screenwriter air force one oblige write script big sum money,0
one bad film ever see,0
I m still try get bad,0
movie possibly one creative work horror ever,1
everything could want suspense drama comedy confusing subplot native americans brain eat you re look beall endall brainsucke movie look,1
great sound effect impressive special effect can not recommend movie enough call nut think one good movie ever great character actor telly savalas peter boyle hour minute sheer tedium melodrama horrible act mess script sink feel good lord think lot hole script like bad two hour tv movie imagine every single one decision make wrong dialogue atrocious act beyond abysmal everything stink trouble write direct make impossible establish thing make movie watchable like character story theme worse there s incredibly weak subplot throw follow little band latterday mansonite go reporter who s work story anniversary killing dumb pointless complete waste time short do not bother movie will not spoil end pretty amazing good scene movie end will not spoil ever indication writer director ability meld two highly volatile temperament seamless union creativity result powerhouse achievement make timely perhaps culture disturb fascination celebrity distort interpretation fame film easily forget kevin spacey excellent verbal tsunami buddy ackerman  totally believable great actor script subtle comedy unmatched movie recent year character interesting even bit predictable highly recommend age although young set probably appreciate subtle reference certainly appreciate one galley scene particular great movie also story act weak around pm buy around pm start watch around pm fast forward remain film see anything leave watchable human brain be not either way suck script horrendously stupid story start fast absolutely suspense buildup slight everything captain howdy say either laughable plain stupid hell kind crap there s plot hole could drive semi truck hole linda cardellini thing good film she s poise amazing dee snider plain suck can not act one least scary villain ever see can not write write damn movie sleep bore throughout whole damn thing act suck music suck script suck pacing suck special fx suck directing suck basically movie suck film try serious sophisticated thrillerhorror flick fail miserably probably one least effective utterly unoriginal film ever see entire life piece cinematic garbage capture celluloid avoid cost rate film stink funny fulci stay giallo supernatural zombie movie avoid film cost do not know happen season five mess consistent thread hold series together amazing performance leni parker anita laselva two taelon quiet idealogical conflict movie really dislike one boring horror movie mainly start slow center boring atmosphere puppet look really cheesy good way like puppet master flick story lame interesting never really explain sinister origin puppet be not death scene like previous movie fx terrible feel asleep first time watch recommend insomniac fact film wonderful heartwarming tale two people chase dream good part nurse betty unpredictability,1
director neil labute use brutal violence seperate dream reality along touch drama hilarious comedy never tell go happen next,1
otherwise do not even waste time,0
one fail create real suspense,0
killer do not expect anything original even remotely frightening,0
however pretty good acting least type film,1
I m sorry really can not recommend anyone,0
one boringpointless movie ever see,0
secondary plot line incomprehensible relation primary plot line mystify,0
hat,0
one bad sandra bullock movie since speed quite bad,0
do not understand garbage get shelf movie store even real movie,0
highly doubt anyone could ever like trash,0
moviemake,0
act like watch wooden puppet move around read book that s bad,0
warn youdo rent movie dumb thing never see,0
see short film hbo day absolutely love,1
do not realize wonderful short really last two scene,1
excellent short film,1
hopefully director james cox turn short feature length film cast win we whole new film,1
agree jessica movie pretty bad,0
character onedimensional even good guy especially bad guy,0
story line totally predictable,0
much dialogue much music whole film shoot elaborately aesthetically like sculpture,1
I ve see soap opera intelligent movie,0
bad character bad story bad acting,0
really awful,0
easy watch,0
funny clever hip like pray previous film hype,1
long time do not see charismatic actor screen,1
paolo sorrentino write wonderful story loneliness tony build one unforgettable character see movie recent year,1
movie completely perfect titta di girolamo stay long time vision movie,1
rate movie,1
know emilio estevezs directorial debut pace interplay development character well clever camera work surround character estevez play suggest natural eye,1
interplay martin emilio contain wonderful chemistry see wall street martin charlie,1
kathy bate wonderful character subtle desperation escapism variation character play field lord,1
reader already see one miyazakis film still top form make another worthwhile experience,1
never condescend character good genuine heart believable problem,1
two main character may two believable child ever see put screen,1
easy love even easy identify,1
movie greatespecially enjoy visual art,1
scenery two daughter paint photograph beautiful,1
story also funny poignant time,1
people like european film art movie like movie,1
truly art movieit actually lot art,1
go rent,1
however finally watch film realize closed mind brilliance depict also find watch,1
one movie never cease interest simply keep alert try attempt decipher meaning,1
brilliance indeed,1
like movie like matrix well yet sequel think you ll appreciate thought provoke mindblowing experience film give,1
think film like dream,1
simply beautiful,1
rickman stowe play role hilt tale children book writer maybe write subversive tract,1
gloriously fun fast pace fairly accurate portrayal night raver,1
present idyllic yet serious portrayal up down character live,1
whatever avoid groove antithesis good human traffic,0
bad everyone else involve do not share crowes level dedication quality we d far well film hand subpar mess,0
movie seem little slow first,0
pick speed get right point,1
show exactly government scientist argue humanity reason gadget,1
enjoy,1
recommend friend,1
particularly pleased act ability dwight schultz,1
actor truly understand become particular character deliver convince sincere performance,1
onscreen chemistry critical entire film genuine,1
film dialogue natural real life,1
writer gorman bechard undoubtedly homework reference industry characterage appropriate,1
incredible soundtrack truly capture essence film,1
track command sentiment actually contribute scene character,1
definitely worth see sort think provoke film force question threshold loneliness,1
hayao miyazakis late eighth film studio ghibili gake ue ponyo ponyo cliff sea wonderfully fun imaginative look childhood,1
time seem film animation dominate disneypixar cgi masterpiece refreshing comfort know miyazaki still rely traditional handdrawn animation tell charming enchant story,1
enough say remarkable animation film,1
art style appearance crayonpencil drawing wonderfully colorful fanciful,1
act film glad you re go to drift away earth far possible,0
one want surf small wave space movie deep impact armageddon one fail everywhere,0
have not choke vomit end cheap drama worthless dialogue you ve must bore death waste time,0
still make super end depict great sea vessel take mighty frost,1
consider excellent story solid act look film add bonus,1
instead get bear f whiny spoil brat babysitting,0
watch two sunday ago march th began really enjoy time tap entire thing,1
well act do tv movie,1
judith light one favorite actress think superb job film,1
keep watch,1
sad movie good,1
see movie definitely recommend,1
lovely usual cutie,1
still quite interesting entertaining follow,1
recommend confidence,1
movie wellbalance comedy drama thoroughly enjoy,1
riot see hugo weaving play sexobsesse gay real estate salesman use client house tryst flame darren tom hollander,1
anyway plot flow smoothly malebonde scene hoot,1
opening sequence gem classic cat n mouse game follow delight watch,1
fan genre heaven,1
lange become great actress,1
look like wonderful story,1
never walk movie fast,0
get bore watch jessice lange take clothe,0
unfortunately virtue film production work lose regrettable script,0
word embarrass,0
exceptionally bad,0
insult one intelligence huge waste money,0
